05:33:12.111;fe 00 48 f7 b5 3d 13 43 91 3c 0a;0x600
05:33:12.117;fe 01 2a 91 e1 42 f5 5d 6a 37 0a;0x601
05:33:12.120;fe 02 14 65 b9 41 1a e8 e8 41 0a;0x602
05:33:12.121;fe 30 2e 02 84 82 1e 02 00 00 0a;0x630
05:33:12.124;fe 60 2e 02 b4 11 00 00 00 00 0a;0x660
05:33:12.140;fe 61 00 00 00 00 00 00 00 01 0a;0x661
05:33:12.143;ff 00 00 10 00 00 eb 0b 00 00 0a;0x700
05:33:12.145;ff 01 3c 0c 00 00 65 02 e6 00 0a;0x701
05:33:12.147;ff 02 c1 0f b7 0f b1 0f ba 0f 0a;0x702
05:33:12.149;ff 03 b7 0f b8 0f d6 0f 00 80 0a;0x703
05:33:12.151;ff 04 48 0c 00 00 4c 02 e6 00 0a;0x704
05:33:12.152;ff 05 b7 0f ba 0f bb 0f bf 0f 0a;0x705
05:33:12.154;ff 06 b8 0f c1 0f b6 0f 00 80 0a;0x706
05:33:12.157;ff 07 39 0c 00 00 5f 02 df 00 0a;0x707
05:33:12.159;ff 08 c4 0f c2 0f b3 0f b8 0f 0a;0x708
05:33:12.161;ff 09 cb 0f b3 0f c9 0f 00 80 0a;0x709
05:33:12.164;ff 0b b2 0f b6 0f bb 0f b8 0f 0a;0x70b
05:33:12.167;ff 0c ba 0f ae 0f c6 0f 00 80 0a;0x70c
05:33:12.169;ff f4 00 00 00 00 00 00 80 3f 0a;0x7f4
05:33:12.170;ff f5 00 00 00 00 00 00 00 00 0a;0x7f5
05:33:12.172;ff f6 b4 fc 2a fe 42 fb 2d 00 0a;0x7f6
05:33:12.173;ff f7 5c 04 00 00 59 02 01 00 0a;0x7f7
05:33:12.177;ff f8 ae 0f d6 0f 04 05 01 06 0a;0x7f8
05:33:12.179;ff f9 df 00 e6 00 03 00 01 00 0a;0x7f9
05:33:12.181;ff fa 51 b9 01 00 04 00 00 00 0a;0x7fa
05:33:12.183;ff fb 8a 0c 80 0c 80 04 a3 03 0a;0x7fb
05:33:12.184;ff fc 00 00 00 00 1d 00 6a 00 0a;0x7fc
05:33:12.185;ff fd 80 80 00 00 00 00 00 00 0a;0x7fd
05:33:12.755;fe 00 48 f7 b5 3d 13 43 91 3c 0a;0x600
05:33:12.759;fe 01 2a 91 e1 42 f5 5d 6a 37 0a;0x601
05:33:12.762;fe 02 14 65 b9 41 1a e8 e8 41 0a;0x602
05:33:12.764;fe 30 2f 02 84 82 1e 02 00 00 0a;0x630
05:33:12.766;fe 60 2f 02 b4 11 00 00 00 00 0a;0x660
05:33:12.768;fe 61 00 00 00 00 00 00 00 01 0a;0x661
05:33:12.790;ff 00 00 10 00 00 eb 0b 00 00 0a;0x700
05:33:12.792;ff 01 3c 0c 00 00 65 02 e6 00 0a;0x701
05:33:12.794;ff 02 c1 0f b7 0f b1 0f ba 0f 0a;0x702
05:33:12.798;ff 03 b7 0f b8 0f d6 0f 00 80 0a;0x703
05:33:12.801;ff 04 48 0c 00 00 4b 02 e6 00 0a;0x704
05:33:12.801;ff 05 b7 0f ba 0f bb 0f bf 0f 0a;0x705
05:33:12.804;ff 06 b8 0f c1 0f b6 0f 00 80 0a;0x706
05:33:12.827;ff 07 39 0c 00 00 60 02 df 00 0a;0x707
05:33:12.833;ff 08 c4 0f c2 0f b4 0f b8 0f 0a;0x708
05:33:12.839;ff 09 cb 0f b3 0f c9 0f 00 80 0a;0x709
05:33:12.842;ff 0b b2 0f b6 0f bb 0f b8 0f 0a;0x70b
05:33:12.845;ff 0c ba 0f ae 0f c6 0f 00 80 0a;0x70c
05:33:12.855;ff f4 00 00 00 00 00 00 80 3f 0a;0x7f4
05:33:12.858;ff f5 00 00 00 00 00 00 00 00 0a;0x7f5
05:33:12.862;ff f6 b4 fc 2a fe 42 fb 2d 00 0a;0x7f6
05:33:12.865;ff f7 5c 04 00 00 5a 02 01 00 0a;0x7f7
05:33:12.872;ff f8 ae 0f d6 0f 04 05 01 06 0a;0x7f8
05:33:12.874;ff f9 df 00 e6 00 03 00 01 00 0a;0x7f9
05:33:12.876;ff fa 70 b9 01 00 fe ff ff ff 0a;0x7fa
05:33:12.888;ff fb 8a 0c 80 0c 80 04 a3 03 0a;0x7fb
05:33:12.890;ff fc 00 00 00 00 21 00 6c 00 0a;0x7fc
05:33:12.892;ff fd 80 80 00 00 00 00 00 00 0a;0x7fd
05:33:13.795;fe 00 48 f7 b5 3d 13 43 91 3c 0a;0x600
05:33:13.799;fe 01 2a 91 e1 42 f5 5d 6a 37 0a;0x601
05:33:13.802;fe 02 14 65 b9 41 1a e8 e8 41 0a;0x602
05:33:13.804;fe 30 30 02 84 82 1e 02 00 00 0a;0x630
05:33:13.807;fe 60 30 02 b4 11 00 00 00 00 0a;0x660
05:33:13.809;fe 61 00 00 00 00 00 00 00 01 0a;0x661
05:33:13.830;ff 00 00 10 00 00 eb 0b 00 00 0a;0x700
05:33:13.835;ff 01 3c 0c 00 00 65 02 e6 00 0a;0x701
05:33:13.838;ff 02 c1 0f b7 0f b1 0f ba 0f 0a;0x702
05:33:13.842;ff 03 b7 0f b8 0f d6 0f 00 80 0a;0x703
05:33:13.846;ff 04 48 0c 00 00 4c 02 e6 00 0a;0x704
05:33:13.848;ff 05 b7 0f ba 0f bb 0f bf 0f 0a;0x705
05:33:13.853;ff 06 b8 0f c1 0f b6 0f 00 80 0a;0x706
05:33:13.865;ff 07 39 0c 00 00 60 02 df 00 0a;0x707
05:33:13.872;ff 08 c4 0f c2 0f b3 0f b8 0f 0a;0x708
05:33:13.878;ff 09 cb 0f b3 0f c9 0f 00 80 0a;0x709
05:33:13.886;ff 0b b2 0f b6 0f bb 0f b8 0f 0a;0x70b
05:33:13.889;ff 0c ba 0f ae 0f c6 0f 00 80 0a;0x70c
05:33:13.901;ff f4 00 00 00 00 00 00 80 3f 0a;0x7f4
05:33:13.903;ff f5 00 00 00 00 00 00 00 00 0a;0x7f5
05:33:13.905;ff f6 b4 fc 2a fe 42 fb 2d 00 0a;0x7f6
05:33:13.907;ff f7 5c 04 00 00 5b 02 01 00 0a;0x7f7
05:33:13.913;ff f8 ae 0f d6 0f 04 05 01 06 0a;0x7f8
05:33:13.917;ff f9 df 00 e6 00 03 00 01 00 0a;0x7f9
05:33:13.919;ff fa 90 b9 01 00 02 00 00 00 0a;0x7fa
05:33:13.929;ff fb 8a 0c 80 0c 80 04 a3 03 0a;0x7fb
05:33:13.932;ff fc 00 00 00 00 1d 00 70 00 0a;0x7fc
05:33:13.937;ff fd 80 80 00 00 00 00 00 00 0a;0x7fd
05:33:14.840;fe 00 48 f7 b5 3d 13 43 91 3c 0a;0x600
05:33:14.846;fe 01 2a 91 e1 42 f5 5d 6a 37 0a;0x601
05:33:14.849;fe 02 14 65 b9 41 1a e8 e8 41 0a;0x602
05:33:14.851;fe 30 31 02 84 82 1e 02 00 00 0a;0x630
05:33:14.853;fe 60 31 02 b4 11 00 00 00 00 0a;0x660
05:33:14.858;fe 61 00 00 00 00 00 00 00 01 0a;0x661
05:33:14.876;ff 00 00 10 00 00 eb 0b 00 00 0a;0x700
05:33:14.879;ff 01 3c 0c 00 00 65 02 e5 00 0a;0x701
05:33:14.885;ff 02 c1 0f b7 0f b1 0f ba 0f 0a;0x702
05:33:14.888;ff 03 b7 0f b8 0f d6 0f 00 80 0a;0x703
05:33:14.891;ff 04 48 0c 00 00 4b 02 e6 00 0a;0x704
05:33:14.894;ff 05 b7 0f ba 0f bb 0f bf 0f 0a;0x705
05:33:14.899;ff 06 b8 0f c1 0f b6 0f 00 80 0a;0x706
05:33:14.910;ff 07 39 0c 00 00 5f 02 df 00 0a;0x707
05:33:14.914;ff 08 c4 0f c2 0f b3 0f b8 0f 0a;0x708
05:33:14.919;ff 09 cb 0f b4 0f c8 0f 00 80 0a;0x709
05:33:14.924;ff 0b b2 0f b6 0f bb 0f b8 0f 0a;0x70b
05:33:14.927;ff 0c ba 0f ae 0f c6 0f 00 80 0a;0x70c
05:33:14.941;ff f4 00 00 00 00 00 00 80 3f 0a;0x7f4
05:33:14.948;ff f5 00 00 00 00 00 00 00 00 0a;0x7f5
05:33:14.950;ff f6 b4 fc 2a fe 42 fb 2d 00 0a;0x7f6
05:33:14.953;ff f7 5c 04 00 00 5c 02 01 00 0a;0x7f7
05:33:14.961;ff f8 ae 0f d6 0f 04 05 01 06 0a;0x7f8
05:33:14.966;ff f9 df 00 e6 00 03 00 01 00 0a;0x7f9
05:33:14.969;ff fa 80 b9 01 00 fe ff ff ff 0a;0x7fa
05:33:14.975;ff fb 8a 0c 80 0c 80 04 a3 03 0a;0x7fb
05:33:14.981;ff fc 00 00 00 00 1d 00 70 00 0a;0x7fc
05:33:14.982;ff fd 80 80 00 00 00 00 00 00 0a;0x7fd
05:33:15.887;fe 00 48 f7 b5 3d 13 43 91 3c 0a;0x600
05:33:15.891;fe 01 2a 91 e1 42 f5 5d 6a 37 0a;0x601
05:33:15.894;fe 02 14 65 b9 41 1a e8 e8 41 0a;0x602
05:33:15.898;fe 30 32 02 84 82 1e 02 00 00 0a;0x630
05:33:15.901;fe 60 32 02 b4 11 00 00 00 00 0a;0x660
05:33:15.903;fe 61 00 00 00 00 00 00 00 01 0a;0x661
05:33:15.917;ff 00 00 10 00 00 eb 0b 00 00 0a;0x700
05:33:15.920;ff 01 3c 0c 00 00 66 02 e7 00 0a;0x701
05:33:15.924;ff 02 c1 0f b7 0f b1 0f ba 0f 0a;0x702
05:33:15.927;ff 03 b7 0f b8 0f d6 0f 00 80 0a;0x703
05:33:15.933;ff 04 48 0c 00 00 4b 02 e6 00 0a;0x704
05:33:15.934;ff 05 b7 0f ba 0f bb 0f bf 0f 0a;0x705
05:33:15.937;ff 06 b8 0f c1 0f b6 0f 00 80 0a;0x706
05:33:15.957;ff 07 39 0c 00 00 60 02 df 00 0a;0x707
05:33:15.960;ff 08 c4 0f c2 0f b3 0f b8 0f 0a;0x708
05:33:15.964;ff 09 cb 0f b4 0f c9 0f 00 80 0a;0x709
05:33:15.968;ff 0b b2 0f b6 0f bb 0f b8 0f 0a;0x70b
05:33:15.971;ff 0c ba 0f ae 0f c6 0f 00 80 0a;0x70c
05:33:15.989;ff f4 00 00 00 00 00 00 80 3f 0a;0x7f4
05:33:15.992;ff f5 00 00 00 00 00 00 00 00 0a;0x7f5
05:33:15.994;ff f6 b4 fc 2b fe 42 fb 2d 00 0a;0x7f6
05:33:15.996;ff f7 5c 04 00 00 5d 02 01 00 0a;0x7f7
05:33:16.002;ff f8 ae 0f d6 0f 04 05 01 06 0a;0x7f8
05:33:16.005;ff f9 df 00 e7 00 03 00 01 00 0a;0x7f9
05:33:16.007;ff fa a0 b9 01 00 ff ff ff ff 0a;0x7fa
05:33:16.025;ff fb 8a 0c 80 0c 80 04 a3 03 0a;0x7fb
05:33:16.028;ff fc 00 00 00 00 1d 00 72 00 0a;0x7fc
05:33:16.030;ff fd 80 80 00 00 00 00 00 00 0a;0x7fd
05:33:16.925;fe 00 48 f7 b5 3d 13 43 91 3c 0a;0x600
05:33:16.930;fe 01 2a 91 e1 42 f5 5d 6a 37 0a;0x601
05:33:16.933;fe 02 14 65 b9 41 1a e8 e8 41 0a;0x602
05:33:16.935;fe 30 33 02 84 82 1e 02 00 00 0a;0x630
05:33:16.938;fe 60 33 02 b4 11 00 00 00 00 0a;0x660
05:33:16.940;fe 61 00 00 00 00 00 00 00 01 0a;0x661
05:33:16.959;ff 00 00 10 00 00 eb 0b 00 00 0a;0x700
05:33:16.965;ff 01 3c 0c 00 00 65 02 e6 00 0a;0x701
05:33:16.974;ff 02 c1 0f b7 0f b1 0f ba 0f 0a;0x702
05:33:16.977;ff 03 b7 0f b8 0f d6 0f 00 80 0a;0x703
05:33:16.980;ff 04 48 0c 00 00 4d 02 e6 00 0a;0x704
05:33:16.982;ff 05 b7 0f ba 0f bb 0f bf 0f 0a;0x705
05:33:16.985;ff 06 b8 0f c1 0f b6 0f 00 80 0a;0x706
05:33:16.992;ff 07 39 0c 00 00 60 02 df 00 0a;0x707
05:33:16.995;ff 08 c4 0f c2 0f b3 0f b7 0f 0a;0x708
05:33:17.001;ff 09 cb 0f b3 0f c9 0f 00 80 0a;0x709
05:33:17.003;ff 0b b2 0f b5 0f bb 0f b7 0f 0a;0x70b
05:33:17.007;ff 0c ba 0f ae 0f c6 0f 00 80 0a;0x70c
05:33:17.019;ff f4 00 00 00 00 00 00 80 3f 0a;0x7f4
05:33:17.023;ff f5 00 00 00 00 00 00 00 00 0a;0x7f5
05:33:17.025;ff f6 b4 fc 2b fe 42 fb 2d 00 0a;0x7f6
05:33:17.027;ff f7 5c 04 00 00 5e 02 01 00 0a;0x7f7
05:33:17.033;ff f8 ae 0f d6 0f 04 05 01 06 0a;0x7f8
05:33:17.038;ff f9 df 00 e7 00 03 00 01 00 0a;0x7f9
05:33:17.041;ff fa 61 b9 01 00 f9 ff ff ff 0a;0x7fa
05:33:17.053;ff fb 8a 0c 80 0c 80 04 a3 03 0a;0x7fb
05:33:17.057;ff fc 00 00 00 00 1d 00 6c 00 0a;0x7fc
05:33:17.060;ff fd 80 80 00 00 00 00 00 00 0a;0x7fd
